type,专有名词
税务,节税技巧
税务,营改增
税务,预提费用
税务,账外账
税务,危害税收征收管理罪
税务,企业清算所得税
税务,企业清算收入
税务,报税
税务,股权转让
税务,增值税
税务,一人有限责任公司
税务,增值税税率
税务,增值税普通发票
税务,减免政策
税务,风险防控
税务,土地增值税
税务,消费税
税务,印花税
税务,处罚权
税务,抵扣进项
税务,税款缴纳人
税务,税务登记
税务,纳税申报
税务,税务注销
税务,土地使用权转让
税务,双重征税
税务,阴阳合同
税务,免抵退税额
税务,弥补亏损
税务,递延所得税
税务,课税
税务,财产保险合同
税务,财务报表
税务,固定资产折旧
税务,计提坏账准备
税务,差额征税
税务,差旅费
税务,产业税
税务,抄税
税务,一般纳税人
税务,自查自纠
税务,车船使用税
税务,车船税
税务,城市维护建设税
税务,城乡居民基本医疗保险
税务,计税依据
税务,城镇土地使用税
税务,纳税评估
税务,先征后退
税务,出境退税
税务,关税
税务,出口退税
税务,进项税额
税务,存货跌价
税务,红字发票
税务,预缴税款
税务,预征
税务,六税两费
税务,低值易耗品
税务,抵扣联
税务,教育附加
税务,地税
税务,定额发票
税务,定期定额
税务,动迁房交易
税务,短期融资券
税务,非货物贸易付汇
税务,股权重组
税务,稽查
税务,法定代表人
税务,法律顾问合同
税务,房产税
税务,成本核算
税务,合理避税
税务,死亡赔偿金
税务,附加税
税务,复合消费税
税务,资产评估增值
税务,个人所得税
税务,工程承包合同
税务,十三薪
税务,国际税收
税务,饶让
税务,核定税额
税务,环境保护税
税务,环境税
税务,黄金期货交易
税务,汇算清缴
税务,会计坏账
税务,会计年度
税务,混合销售行为
税务,货物期货
税务,机动车销售发票
税务,税收筹划
税务,特殊经营行为
税务,企业留抵退税
税务,价外费用
税务,简易计税
税务,企业年金
税务,建筑服务增值税
税务,进项税
税务,教育附加税
税务,节税
税务,经济补偿金
税务,契税
税务,呆账损失
税务,贷款损失准备金
税务,进出口货物退税
税务,进口附加税
税务,进口增值税
税务,进料加工、来料加工
税务,竞业限制补偿金
税务,跨境应税行为
税务,境外税额抵免
税务,税务风险
税务,预扣率
税务,质量保证金
税务,开业税务登记
税务,抗税
税务,林业税收
税务,扣缴义务人
税务,矿产资源补偿费
税务,企业重组
税务,留抵退税
税务,流转税
税务,漏税
税务,旅游附加税
税务,民间非营利组织
税务,牧业税
税务,限售股
税务,纳税期限
税务,增值税专用发票
税务,纳税人
税务,内资企业
税务,骗取出口退税罪
税务,虚开增值税专用发票罪
税务,诈骗罪
税务,资源税
税务,企业购票员
税务,汇总征税
税务,纳税筹划
税务,企业税负
税务,小微企业所得税
税务,企业所得税
税务,税负率
税务,欠税罪
税务,交税
税务,清算企业
税务,社保缴费
税务,营业执照
税务,个税
税务,个税扣除
税务,更换法人
税务,公司注销
税务,普通发票
税务,发票
税务,增值税发票
税务,遗产税
税务,总公司与分公司
税务,转让股权
税务,开票限额
税务,增值税率
税务,代开普通发票
税务,收益所得税
税务,燃油税
税务,饶让原则
税务,非营利组织
税务,融资租赁
税务,退税政策
税务,税种
税务,协定优惠
税务,所得税
税务,退税申报期
税务,纳税统筹
税务,税前扣除
税务,税务登记证
税务,延期纳税
税务,购置附加税
税务,查补税款
税务,代收费用
税务,财税
税务,借款利息
税务,税收规划
税务,公积转增资本
税务,偷税漏税
税务,业务招待费
税务,涉税风险
税务,从价税
税务,土地使用费与土地使用税
税务,增值税发票和普通发票
税务,职工教育经费
税务,税收管理员
税务,税务调整
税务,普通发票与增值税发票
税务,避税
税务,增值税票
税务,缴税
税务,无偿赠送
税务,补缴税款
税务,缴纳税费
税务,折扣发票
税务,商住两用房
税务,社保费
税务,社会保险费
税务,行政赔偿
税务,般纳税人
税务,保险
税务,代理记账
税务,纳税连带责任
税务,代开发票
税务,财经法纪审计
税务,代理业
税务,耕地占用税
税务,股票交易印花税
税务,股票印花税
税务,国际避税
税务,国际重复征税
税务,节税与避税
税务,税收管辖权
税务,纳税保证人
税务,纳税年度
税务,纳税申报期限
税务,逆向税务筹划
税务,企业税收筹划
税务,企业稽查
税务,双重课税
税务,税负转嫁
税务,税收风险
税务,税收负担
税务,税收负担转嫁
税务,税收饶让
税务,税务稽查
税务,小规模纳税人
税务,小型微利企业
税务,资产负债表
税务,生活性服务业
税务,审核发票
税务,免抵退税
税务,加计抵减
税务,税收优惠
税务,代垫运输费用
税务,实习生工资
税务,税务筹划
税务,土地补偿
税务,收房
税务,加盟费
税务,货币形式
税务,收入确认
税务,应纳税所得额
税务,坏账损失税前扣除
税务,交易税
税务,双软企业
税务,税费预缴
税务,税金减免
税务,税控
税务,滞纳金
税务,税款缴库
税务,税款缴纳
税务,税款征收
税务,税收
税务,税收管理
税务,税收管征
税务,税收计划
税务,税收缴款书
税务,税收缴纳
税务,税收票证
税务,税收情报
税务,税收统计表
税务,税收违法
税务,税收征管法
税务,税收执法风险
税务,税务处理决定书
税务,税务代理
税务,税务代理人
税务,税务法规
税务,税务规划
税务,税务行政处罚
税务,税务行政执法
税务,车辆购置税
税务,税务机关
税务,税务检查
税务,查账
税务,零申报
税务,申报
税务,职务犯罪
税务,违法处罚
税务,申请复议
税务,税务征收
税务,专案稽查
税务,税与费
税务,税源监控
税务,私人承包工程
税务,私营业主
税务,四种单据
税务,纳税人权益
税务,汇算检查
税务,汇算
税务,所得税税负率
税务,所得税预缴
税务,医疗收据
税务,发票入账
税务,逃避纳税
税务,逃避追缴
税务,逃避追缴欠税罪
税务,逃税罪
税务,特定纳税人
税务,所得税新报表
税务,偷逃增值税
税务,发生争议
税务,工程纳税
税务,偷税
税务,透支款项
税务,土地出让金
税务,土地出资
税务,土地划拨
税务,土地交易
税务,土地租赁合同
税务,作价入股
税务,外出经营活动
税务,子女教育费
税务,外贸出口企业
税务,申请退税
税务,所得税优惠
税务,关税优惠
税务,外商投资企业
税务,所得税税收优惠
税务,税务处理
税务,外资股权转让
税务,所得税征收
税务,完税凭证
税务,版权收入
税务,网上报税
税务,税收征管
税务,意外伤害保险
税务,发票管理规定
税务,税务登记管理
税务,税务管理
税务,违约金
税务,委托代理记账
税务,委托代征税款
税务,委托加工征税
税务,按期申报
税务,利润转增
税务,流转税优惠
税务,国际税务筹划
税务,税控开票软件
税务,破产
税务,财务工作
税务,财务负责人
税务,税费优惠政策
税务,应付款项
税务,坏账损失
税务,无形资产
税务,再就业
税务,核销
税务,出口企业
税务,免税店
税务,债权损失
税务,销售货物收入
税务,销售退回
税务,小企业
税务,小微企业
税务,小型企业
税务,辅导期
税务,新税收征管法
税务,减计收入优惠
税务,年度纳税申报表
税务,增值税转型
税务,应交税费
税务,虚开发票
税务,虚开增值税发票
税务,税务人员
税务,收购金额
税务,延期缴纳税款
税务,研究开发费用加计扣除
税务,央企负责人
税务,实发工资
税务,业外收入
税务,税费
税务,退免税货物
税务,纳税
税务,个人独资企业
税务,医保
税务,纳税额
税务,应纳税额
税务,应纳税额核定书
税务,应税包装物
税务,分支机构
税务,网上申报
税务,资产损失
税务,邮电通信业
税务,出口专用税票
税务,通讯费用
税务,延期申报
税务,有奖活动
税务,简易计税方法
税务,文化事业建设费
税务,有限合伙企业
税务,有限责任公司
税务,政府补助
税务,预扣预缴
税务,预收货款
税务,预收账款
税务,预收租金
税务,募集资金
税务,辞退赔偿金
税务,原始凭证
税务,固定资产进项税额
税务,运输发票
税务,合法避税
税务,股权激励
税务,教育专项附加扣除
税务,捐赠
税务,计税销售额
税务,城建税
税务,税务
税务,外销收入
税务,财产损失
税务,返利
税务,应税消费品
税务,房屋征收补偿
税务,普遍征税原则
税务,进项税额转出
税务,增值会计
税务,增资扩股
税务,债权转让
税务,债务免除
税务,债务重组
税务,纳税定额
税务,红字增值税专用发票
税务,征地补偿
税务,佣金
税务,政策性搬迁收入所得税
税务,政府采购
税务,划拨土地
税务,固定资产原值
税务,退税
税务,直接税
税务,缓缴
税务,延缓缴纳税费
税务,中型企业
税务,税务案件
税务,股权转让收入
税务,住房贷款
税务,住房公积金
税务,注销税务登记
税务,著作权
税务,专利使用费
税务,专项附加扣除
税务,专用发票
税务,转嫁筹划
税务,转让商标
税务,转税筹划
税务,追征税款
税务,资产收购
税务,计税基础
税务,资产重组
税务,非应税项目
税务,缴纳税款
税务,娱乐业项目
税务,税收征收管理
税务,会计核算
市场监管,处方药
市场监管,非处方药
市场监管,药品说明书
市场监管,有效期
市场监管,安全范畴
市场监管,药源性疾病
市场监管,耐药性
市场监管,依靠性
市场监管,耐受性
市场监管,不良反应
市场监管,副作用
市场监管,毒性反应
市场监管,过敏反应
市场监管,OTC
市场监管,使用说明书
市场监管,中西药
市场监管,假冒伪劣药品
市场监管,哺乳期
市场监管,肝功能
市场监管,肾功能
市场监管,相互作用
市场监管,抗菌药物
市场监管,抗生素
市场监管,注意事项
市场监管,给药间隔
市场监管,阿莫西林
市场监管,青霉素Ⅴ
市场监管,止痛药
市场监管,解热镇痛药
市场监管,抗炎镇痛药
市场监管,感冒药
市场监管,感冒通
市场监管,强力镇咳药
市场监管,复方甘草溶液
市场监管,哮喘发病机理
市场监管,沙丁胺醇平喘
市场监管,胃及十二指肠溃疡
市场监管,消化不良
市场监管,泻药
市场监管,便秘
市场监管,慢性腹泻
市场监管,止泻药
市场监管,肝炎
市场监管,高血压
市场监管,降压药
市场监管,收缩期
市场监管,胰岛素
市场监管,糖尿病
市场监管,他汀类药物
市场监管,抗心绞痛药
市场监管,阴道炎
市场监管,泌尿系统
市场监管,糖皮质激素类药物
市场监管,氟轻松
市场监管,维生素与微量元素复方制剂
市场监管,消费者
市场监管,化妆品
市场监管,商标
市场监管,服务商标
市场监管,食品安全
市场监管,预包装食品
市场监管,保质期
市场监管,食源性疾病
市场监管,食品安全事故
市场监管,农产品
市场监管,食品安全委员会
市场监管,食品流通许可证
市场监管,食品流通许可机关
市场监管,添加剂
市场监管,展销会
市场监管,工商行政管理机关
市场监管,七查七看
市场监管,转基因
市场监管,食品安全监督管理体制
市场监管,食品安全监督管理部门
市场监管,不法行为
市场监管,食品集中交易市场
市场监管,食品安全标准
市场监管,散装食品
市场监管,三位一体
市场监管,QS
市场监管,五个统一
市场监管,示范店
市场监管,两图一书
市场监管,四规范
市场监管,无公害农产品
市场监管,保健食品
市场监管,三无
市场监管,重金属
市场监管,四大杀手
市场监管,大头娃娃
市场监管,问题水果
市场监管,雕白块
市场监管,重金属元素
市场监管,水垢
市场监管,碘盐
市场监管,工业三废
市场监管,四防
市场监管,四怕
市场监管,甲醛水发食品
市场监管,黄曲霉毒素
市场监管,绿色食品
市场监管,医用口罩
市场监管,水效标识
市场监管,药品安全放心工程
市场监管,静态风险等级
市场监管,医疗器械产品
市场监管,医疗器械标准
市场监管,行政处罚
市场监管,压力管道
市场监管,三包
市场监管,特种设备
市场监管,专间食品处理区
市场监管,安全阀
市场监管,压力容器
市场监管,一次性使用无菌医疗器械
市场监管,营业执照
市场监管,三落实
市场监管,两有证
市场监管,一检验
市场监管,一预案
市场监管,起重机
市场监管,行政复议
市场监管,烟草专卖品
